{"cameraMode":{"drawMode":0,"name":"Shaded","section":"Shading Mode"},"sceneLighting":false,"audioPlay":false,"sceneViewState":{"m_AlwaysRefresh":false,"showFog":true,"showSkybox":false,"showFlares":true,"showImageEffects":true,"showParticleSystems":true,"showVisualEffectGraphs":true,"m_FxEnabled":true},"in2DMode":false,"pivot":{"x":27.919231414794923,"y":8.440103530883789,"z":-7.006232261657715},"rotation":{"x":0.1911112517118454,"y":-0.44451582431793215,"z":0.09768334776163101,"w":0.8696888089179993},"size":0.08660232275724411,"orthographic":false}